Piotr;30
Michał;31
Ewa;3
Michał;21
Maciej;22
Rafał;27
Mikołaj;30
Jakub;31
Waldemar;35
Maciej;30
Mateusz;24
Wiktoria;26
Piotr;27
Anna;27
Dawid;3
Michał;21
Krzysztof;20
Sylweriusz;24
Grzegorz;0
Jakub;34
Mateusz;35
Kamil;29
Aleksandra;37
Filip;0
Joanna;38
Karol;25
Marcel;31
Andrzej;27
Martyna;31
Paulina;29
Mateusz;22
Aleksandra;23
Anna;24
Aleksandra;32
Jakub;31
Szymon;34
Michał;22
Paweł;31
Piotr;34
Kamil;32
Konrad;39
Agnieszka;32
Monika;27
Marcin;30
Oliwia;40
Bartosz;0
Anna;24
Dominika;43
Grzegorz;32
Ernest;32
Michał;22
Karolina;24
Daniel;3
Aneta;27
Damian;23
Gabriela;23
Radosław;6
Magdalena;3
Katarzyna;27
Michał;30
Filip;36
Damian;25
Paweł;3
Aleksandra;27
Rudolf;26
Paweł;36
