x,y
0,0
0.342020143326,0.939692620786
-0.645668197269,0.783258155746
-0.750196660537,1.77778005111
0.200859855758,1.46876305674
1.19842390602,1.39900658299
0.252905330419,1.72457473745
-0.721464734367,1.49962368311
-1.71173280311,1.63879678407
-1.50382111229,2.6169443848
-2.19847948275,1.89760458446
-3.13205990925,2.25597253401
-2.2933893413,2.80061156902
-2.68412046979,1.88010671557
-3.28593549294,1.08147120552
-3.45958367061,0.0966634525118
-2.92966440638,-0.751384643645
-1.9593686801,-0.993306539244
-1.40017577663,-1.8223441118
-0.429880050354,-1.5804222162
-1.40802765109,-1.37251052538
-1.00129100801,-0.458965067739
-1.99155907675,-0.319791966779
-2.64761810574,0.434917613444
-2.25688697725,1.3554224669
-1.32970312269,0.98081587348
-0.756126686337,1.79996791777
-1.62215209012,2.29996791777
-1.76132519108,1.30969984903
-2.18394345282,0.403392061991
-1.52788442383,1.15810164221
-0.912222948506,0.370090888607
-0.877323451803,-0.629299938412
-1.42196248682,0.209370629533
-0.421962486818,0.209370629533
0.165822765474,-0.599646364842
0.847821125537,-1.33100006646
1.64645663558,-1.93281508961
2.47549420814,-1.37362218614
1.57670016184,-1.81199333293
2.49720501529,-2.20272446142
3.46750074157,-2.44464635702
4.08316221689,-1.65663560341
4.93121031305,-1.12671633918
3.95684024827,-1.35166739352
3.32751985722,-2.12881335498
